Name,xcoord,ycoord,temp,humedad,sens_ter
Metalsa,-100.200433,25.7493686,23.96222222,71.16,24.26311111
La Fe,-100.214477,25.7235321,23.26666667,72.55333333,23.534
estadio BBVA,-100.244076,25.6720905,22.31555556,75.79777778,22.56866667
Guadalupe,-100.173395,25.6669384,21.95555556,77.00444444,22.20644444
La Alianza,-100.41882,25.76978,23.95555556,72.51111111,24.02
Plaza Cumbres,-100.396768,25.7306755,24.83555556,69.16222222,25.16866667
Daltile,-100.402889,25.6761039,23.3,95,24.17
Club campestre,-100.337854,25.6382017,22.2,92,22.8
